,accuracy,precision,recall,f1,kapppa,set,modelo
0,0.6,0.0,0.0,0.0,0.0,test,Regresi贸n logistica
1,0.6166166166166166,0.0,0.0,0.0,0.0,train,Regresi贸n logistica
0,0.6983240223463687,0.5,0.37037037037037035,0.425531914893617,0.22709099632176555,test,Regresi贸n logistica Esta
1,0.6952247191011236,0.722972972972973,0.37809187279151946,0.4965197215777262,0.3074799196787148,train,Regresi贸n logistica Esta
