,MAE,MSE,RMSE,R2,set,modelo
0,262138495.7465221,1.3578398305239764e+20,11652638458.838308,-1.3854977560164072e+20,test,Linear Regresion
1,0.6598271621690035,0.8415465397793868,0.9173584576267811,0.15128266174858473,train,LinearRegression
