,MAE,MSE,RMSE,R2,set,modelo
0,262138495.7465221,1.3578398305239764e+20,11652638458.838308,-1.3854977560164072e+20,test,Linear Regresion
1,0.6598271621690035,0.8415465397793868,0.9173584576267811,0.15128266174858473,train,LinearRegression
0,0.8732351610370406,1.5678452596123882,1.252136278370844,-0.5997807989884034,test,Decission Tree I
1,0.004270798117615986,0.004474312658632728,0.06689030317342513,0.9954875618273769,train,Decission Tree I
0,0.6617368382353772,0.874474385114908,0.9351333515145891,0.10771339075905917,test,Decision tree II
1,0.6693558836868159,0.872331145339117,0.9339866944122476,0.12023574128162717,train,Decision tree II
