,MAE,MSE,RMSE,R2,set,modelo
0,25124460.366397087,1.2473272290481295e+18,1116838049.606177,-1.272734116362947e+18,test,Linear Regresion
1,0.659845201047195,0.8415468646615031,0.9173586347015561,0.1512823340981556,train,LinearRegression
