,MAE,MSE,RMSE,R2,set,modelo
0,0.6936456642592325,0.9308605752526119,0.9648111604104773,0.05017866674381488,test,Linear Regresion
1,0.7002763440775458,0.9273196991811722,0.9629744021422232,0.064778631252563,train,LinearRegression
